code,name,window,date,close,volume,trading_value
096770,SK이노베이션,평가일/2M,2026-02-19,118600,469623,54819186250
096770,SK이노베이션,평가일/2M,2026-02-20,127600,1148636,145602238500
096770,SK이노베이션,평가일/2M,2026-02-23,128400,829422,106925362000
096770,SK이노베이션,평가일/2M,2026-02-24,137700,1454315,197333208050
096770,SK이노베이션,평가일/2M,2026-02-25,131200,945606,125322524100
096770,SK이노베이션,평가일/2M,2026-02-26,130000,645204,84082325950
096770,SK이노베이션,평가일/2M,2026-02-27,127700,1133235,144795293200
096770,SK이노베이션,평가일/2M,2026-03-03,130900,3617613,484467129050
096770,SK이노베이션,평가일/2M,2026-03-04,109000,2479816,295359163250
096770,SK이노베이션,평가일/2M,2026-03-05,126500,2015029,249412226450
096770,SK이노베이션,평가일/2M,2026-03-06,124900,1082786,135446020800
096770,SK이노베이션,평가일/2M,2026-03-09,118200,1018646,123624782550
096770,SK이노베이션,평가일/2M,2026-03-10,119800,543592,64744582650
096770,SK이노베이션,평가일/2M,2026-03-11,119500,832752,102284159350
096770,SK이노베이션,평가일/2M,2026-03-12,121700,1529015,185845209550
096770,SK이노베이션,평가일/2M,2026-03-13,112600,1213989,138891263700
096770,SK이노베이션,평가일/2M,2026-03-16,109300,480023,52974280200
096770,SK이노베이션,평가일/2M,2026-03-17,110900,443183,48746082250
096770,SK이노베이션,평가일/2M,2026-03-18,114300,394221,44663561050
096770,SK이노베이션,평가일/2M,2026-03-19,110300,319609,35605810750
096770,SK이노베이션,평가일/2M,2026-03-20,113900,570150,65355396850
096770,SK이노베이션,평가일/2M,2026-03-23,105600,464035,49925749100
096770,SK이노베이션,평가일/2M,2026-03-24,110100,335325,36494468000
096770,SK이노베이션,평가일/2M,2026-03-25,114100,429196,48605578650
096770,SK이노베이션,평가일/2M,2026-03-26,111300,301504,33790018350
096770,SK이노베이션,평가일/2M,2026-03-27,111400,310314,33872874450
096770,SK이노베이션,평가일/2M,2026-03-30,113400,494381,55633959800
096770,SK이노베이션,평가일/2M,2026-03-31,108700,424109,46769646200
096770,SK이노베이션,평가일/2M,2026-04-01,114500,339509,38393613000
096770,SK이노베이션,평가일/2M,2026-04-02,115500,906129,106147526850
096770,SK이노베이션,평가일/2M,2026-04-03,118200,307161,35929260150
096770,SK이노베이션,평가일/2M,2026-04-06,123200,619875,75060378000
096770,SK이노베이션,평가일/2M,2026-04-07,121800,690065,86272370200
096770,SK이노베이션,평가일/2M,2026-04-08,120400,807415,96313902500
096770,SK이노베이션,평가일/2M,2026-04-09,124000,648120,79621121100
096770,SK이노베이션,평가일/2M,2026-04-10,122400,291430,35786887100
096770,SK이노베이션,평가일/2M,2026-04-13,121500,345810,42075901000
096770,SK이노베이션,평가일/2M,2026-04-14,121600,361028,43821426050
096770,SK이노베이션,평가일/2M,2026-04-15,121600,501831,60414784250
096770,SK이노베이션,평가일/2M,2026-04-16,126500,667455,83714863450
096770,SK이노베이션,기준일/2M,2025-10-31,128900,700849,91980101300
096770,SK이노베이션,기준일/2M,2025-11-03,126500,493253,62271781850
096770,SK이노베이션,기준일/2M,2025-11-04,126500,369158,47199179450
096770,SK이노베이션,기준일/2M,2025-11-05,120900,444471,53557013700
096770,SK이노베이션,기준일/2M,2025-11-06,120800,445880,54168297300
096770,SK이노베이션,기준일/2M,2025-11-07,115900,391011,45497329700
096770,SK이노베이션,기준일/2M,2025-11-10,120500,283482,34045661100
096770,SK이노베이션,기준일/2M,2025-11-11,122300,312573,38447982500
096770,SK이노베이션,기준일/2M,2025-11-12,126500,386084,48693879700
096770,SK이노베이션,기준일/2M,2025-11-13,126300,402364,50891384350
096770,SK이노베이션,기준일/2M,2025-11-14,122700,268518,33207392350
096770,SK이노베이션,기준일/2M,2025-11-17,122300,245202,30042778750
096770,SK이노베이션,기준일/2M,2025-11-18,116000,341783,40218221800
096770,SK이노베이션,기준일/2M,2025-11-19,116600,204366,23843672850
096770,SK이노베이션,기준일/2M,2025-11-20,116900,199549,23464330500
096770,SK이노베이션,기준일/2M,2025-11-21,113500,193498,22046172100
096770,SK이노베이션,기준일/2M,2025-11-24,111300,319104,35738961000
096770,SK이노베이션,기준일/2M,2025-11-25,111000,170364,18960067100
096770,SK이노베이션,기준일/2M,2025-11-26,117200,247969,28653776600
096770,SK이노베이션,기준일/2M,2025-11-27,116400,158395,18435600150
096770,SK이노베이션,기준일/2M,2025-11-28,115000,205478,23745518300
096770,SK이노베이션,기준일/2M,2025-12-01,114600,164925,18955372100
096770,SK이노베이션,기준일/2M,2025-12-02,115500,183864,21176782050
096770,SK이노베이션,기준일/2M,2025-12-03,115900,139733,16189155050
096770,SK이노베이션,기준일/2M,2025-12-04,112600,303660,34332645650
096770,SK이노베이션,기준일/2M,2025-12-05,114600,198828,22681237800
096770,SK이노베이션,기준일/2M,2025-12-08,117500,268104,31200173250
096770,SK이노베이션,기준일/2M,2025-12-09,117300,217439,25536572200
096770,SK이노베이션,기준일/2M,2025-12-10,116600,238604,27989880850
096770,SK이노베이션,기준일/2M,2025-12-11,112300,582960,66039404750
096770,SK이노베이션,기준일/2M,2025-12-12,113900,220653,24979694150
096770,SK이노베이션,기준일/2M,2025-12-15,112900,174999,19814095050
096770,SK이노베이션,기준일/2M,2025-12-16,109800,272521,30209647100
096770,SK이노베이션,기준일/2M,2025-12-17,110500,202783,22256760350
096770,SK이노베이션,기준일/2M,2025-12-18,104800,343106,36335499100
096770,SK이노베이션,기준일/2M,2025-12-19,105800,572216,60127647400
096770,SK이노베이션,기준일/2M,2025-12-22,106500,160271,17000367300
096770,SK이노베이션,기준일/2M,2025-12-23,106200,136988,14533571250
096770,SK이노베이션,기준일/2M,2025-12-24,105500,125186,13221091400
096770,SK이노베이션,기준일/2M,2025-12-26,103300,149687,15550894050
096770,SK이노베이션,기준일/2M,2025-12-29,103100,162960,16677328250
096770,SK이노베이션,기준일/2M,2025-12-30,101200,224337,22740682100
051910,LG화학,평가일/2M,2026-02-19,334500,383082,127218471000
051910,LG화학,평가일/2M,2026-02-20,337000,236523,79742253000
051910,LG화학,평가일/2M,2026-02-23,332500,232539,77698464000
051910,LG화학,평가일/2M,2026-02-24,350500,519344,179667613250
051910,LG화학,평가일/2M,2026-02-25,387500,1099978,422499343500
051910,LG화학,평가일/2M,2026-02-26,390000,466977,181509171250
051910,LG화학,평가일/2M,2026-02-27,417500,1146026,474186407500
051910,LG화학,평가일/2M,2026-03-03,361000,956158,365875314750
051910,LG화학,평가일/2M,2026-03-04,307000,720462,232177358750
051910,LG화학,평가일/2M,2026-03-05,324500,550806,181157036500
051910,LG화학,평가일/2M,2026-03-06,326500,511510,163514425000
051910,LG화학,평가일/2M,2026-03-09,300000,582831,172373816000
051910,LG화학,평가일/2M,2026-03-10,311000,279895,87471036250
051910,LG화학,평가일/2M,2026-03-11,315500,217879,69984641750
051910,LG화학,평가일/2M,2026-03-12,306000,308065,94659302250
051910,LG화학,평가일/2M,2026-03-13,297500,273412,81375828000
051910,LG화학,평가일/2M,2026-03-16,292000,325789,95182081500
051910,LG화학,평가일/2M,2026-03-17,307500,256068,78703525500
051910,LG화학,평가일/2M,2026-03-18,320000,278071,88413877750
051910,LG화학,평가일/2M,2026-03-19,303500,207291,63691911250
051910,LG화학,평가일/2M,2026-03-20,310000,214904,66444993750
051910,LG화학,평가일/2M,2026-03-23,290000,249892,73173825500
051910,LG화학,평가일/2M,2026-03-24,314000,337381,104559021000
051910,LG화학,평가일/2M,2026-03-25,318000,218075,69243624500
051910,LG화학,평가일/2M,2026-03-26,314000,213175,67592745000
051910,LG화학,평가일/2M,2026-03-27,313000,239600,73821790500
051910,LG화학,평가일/2M,2026-03-30,322000,387305,124114516500
051910,LG화학,평가일/2M,2026-03-31,299000,473765,143938533750
051910,LG화학,평가일/2M,2026-04-01,312500,322039,99710897750
051910,LG화학,평가일/2M,2026-04-02,302000,438492,135423327500
051910,LG화학,평가일/2M,2026-04-03,304500,241336,73514562000
051910,LG화학,평가일/2M,2026-04-06,317000,299795,94781053750
051910,LG화학,평가일/2M,2026-04-07,323500,313215,101823369000
051910,LG화학,평가일/2M,2026-04-08,344500,374125,127253127750
051910,LG화학,평가일/2M,2026-04-09,355000,717366,256740368750
051910,LG화학,평가일/2M,2026-04-10,356000,283205,100997559000
051910,LG화학,평가일/2M,2026-04-13,340000,264626,90133206250
051910,LG화학,평가일/2M,2026-04-14,341500,164618,56615383750
051910,LG화학,평가일/2M,2026-04-15,354000,322452,114588827442
051910,LG화학,평가일/2M,2026-04-16,357500,218360,77665675250
051910,LG화학,기준일/2M,2025-10-31,397500,501518,197507089250
051910,LG화학,기준일/2M,2025-11-03,393000,345947,135364769500
051910,LG화학,기준일/2M,2025-11-04,395000,294129,116937282000
051910,LG화학,기준일/2M,2025-11-05,385000,436160,167644413750
051910,LG화학,기준일/2M,2025-11-06,385500,441659,174164725500
051910,LG화학,기준일/2M,2025-11-07,382000,259098,99116422000
051910,LG화학,기준일/2M,2025-11-10,397000,290167,113998073750
051910,LG화학,기준일/2M,2025-11-11,399500,396621,158437271256
051910,LG화학,기준일/2M,2025-11-12,393500,401469,159108324933
051910,LG화학,기준일/2M,2025-11-13,419500,676571,278997459500
051910,LG화학,기준일/2M,2025-11-14,407500,338108,138934859250
051910,LG화학,기준일/2M,2025-11-17,402000,264512,107160246000
051910,LG화학,기준일/2M,2025-11-18,388000,333994,132232138348
051910,LG화학,기준일/2M,2025-11-19,390500,206165,79922568500
051910,LG화학,기준일/2M,2025-11-20,388500,174417,68233709250
051910,LG화학,기준일/2M,2025-11-21,367000,315503,116074340000
051910,LG화학,기준일/2M,2025-11-24,358500,319529,114681682250
051910,LG화학,기준일/2M,2025-11-25,363000,251051,91311820000
051910,LG화학,기준일/2M,2025-11-26,397000,504358,196277069250
051910,LG화학,기준일/2M,2025-11-27,395500,457285,180315982750
051910,LG화학,기준일/2M,2025-11-28,374000,401535,152757196500
051910,LG화학,기준일/2M,2025-12-01,372000,213121,79611395250
051910,LG화학,기준일/2M,2025-12-02,371500,178062,66239746750
051910,LG화학,기준일/2M,2025-12-03,380000,193648,73243196750
051910,LG화학,기준일/2M,2025-12-04,376000,229061,86362758000
051910,LG화학,기준일/2M,2025-12-05,381500,275857,104364082500
051910,LG화학,기준일/2M,2025-12-08,386500,237724,91136310250
051910,LG화학,기준일/2M,2025-12-09,379500,176352,67008226750
051910,LG화학,기준일/2M,2025-12-10,376000,192669,72869197000
051910,LG화학,기준일/2M,2025-12-11,365500,278618,102836919750
051910,LG화학,기준일/2M,2025-12-12,371500,173965,64338920750
051910,LG화학,기준일/2M,2025-12-15,369000,150033,55542257000
051910,LG화학,기준일/2M,2025-12-16,354000,258691,92360773500
051910,LG화학,기준일/2M,2025-12-17,364000,182526,66042497750
051910,LG화학,기준일/2M,2025-12-18,333000,439388,147633482500
051910,LG화학,기준일/2M,2025-12-19,338500,344256,114936384050
051910,LG화학,기준일/2M,2025-12-22,346000,157106,54427001500
051910,LG화학,기준일/2M,2025-12-23,345500,143777,49589916750
051910,LG화학,기준일/2M,2025-12-24,346000,105513,36443013000
051910,LG화학,기준일/2M,2025-12-26,336000,145837,49257352000
051910,LG화학,기준일/2M,2025-12-29,338500,139537,46843058250
051910,LG화학,기준일/2M,2025-12-30,333000,193822,64314072500
010950,S-Oil,평가일/2M,2026-02-19,110900,257229,28399888850
010950,S-Oil,평가일/2M,2026-02-20,120000,386103,45581670850
010950,S-Oil,평가일/2M,2026-02-23,114500,555607,63232938350
010950,S-Oil,평가일/2M,2026-02-24,114100,418446,47408665550
010950,S-Oil,평가일/2M,2026-02-25,112600,265424,29945311100
010950,S-Oil,평가일/2M,2026-02-26,113700,319138,36147260550
010950,S-Oil,평가일/2M,2026-02-27,110000,523395,57393260300
010950,S-Oil,평가일/2M,2026-03-03,141300,4261597,576820937050
010950,S-Oil,평가일/2M,2026-03-04,126500,10815571,1633890644300
010950,S-Oil,평가일/2M,2026-03-05,134700,5004431,637060074250
010950,S-Oil,평가일/2M,2026-03-06,129700,2619819,339779324950
010950,S-Oil,평가일/2M,2026-03-09,128700,2642463,346829893050
010950,S-Oil,평가일/2M,2026-03-10,117900,1497393,178189032000
010950,S-Oil,평가일/2M,2026-03-11,114600,1822406,208317408950
010950,S-Oil,평가일/2M,2026-03-12,118000,1155363,135282538950
010950,S-Oil,평가일/2M,2026-03-13,108000,1297882,144866666600
010950,S-Oil,평가일/2M,2026-03-16,105400,650853,69189690400
010950,S-Oil,평가일/2M,2026-03-17,106500,690457,73559455600
010950,S-Oil,평가일/2M,2026-03-18,110600,831455,91448825450
010950,S-Oil,평가일/2M,2026-03-19,111200,713012,79417381400
010950,S-Oil,평가일/2M,2026-03-20,111800,615278,69216965150
010950,S-Oil,평가일/2M,2026-03-23,106000,579648,62895638900
010950,S-Oil,평가일/2M,2026-03-24,108400,483799,52220853400
010950,S-Oil,평가일/2M,2026-03-25,113300,494701,55337092650
010950,S-Oil,평가일/2M,2026-03-26,112300,299737,33830153100
010950,S-Oil,평가일/2M,2026-03-27,109700,408328,43896569800
010950,S-Oil,평가일/2M,2026-03-30,110100,390212,42747485450
010950,S-Oil,평가일/2M,2026-03-31,105300,509557,54257047400
010950,S-Oil,평가일/2M,2026-04-01,113100,599881,66773428100
010950,S-Oil,평가일/2M,2026-04-02,106500,513820,55160177700
010950,S-Oil,평가일/2M,2026-04-03,111400,467871,51001171500
010950,S-Oil,평가일/2M,2026-04-06,118100,865177,101760512850
010950,S-Oil,평가일/2M,2026-04-07,114800,497660,58300095850
010950,S-Oil,평가일/2M,2026-04-08,112100,618205,69764080950
010950,S-Oil,평가일/2M,2026-04-09,119600,844806,99591850600
010950,S-Oil,평가일/2M,2026-04-10,120700,550835,66206782100
010950,S-Oil,평가일/2M,2026-04-13,122000,623589,76034876300
010950,S-Oil,평가일/2M,2026-04-14,119100,418615,49748342100
010950,S-Oil,평가일/2M,2026-04-15,117500,410464,47835180050
010950,S-Oil,평가일/2M,2026-04-16,118100,299952,35279497650
010950,S-Oil,기준일/2M,2025-10-31,71800,242597,17415036550
010950,S-Oil,기준일/2M,2025-11-03,72300,384310,27499737250
010950,S-Oil,기준일/2M,2025-11-04,77300,1074010,83806066550
010950,S-Oil,기준일/2M,2025-11-05,74900,390169,29254830500
010950,S-Oil,기준일/2M,2025-11-06,76300,464945,35816399700
010950,S-Oil,기준일/2M,2025-11-07,74400,248560,18558872000
010950,S-Oil,기준일/2M,2025-11-10,79000,578025,45608062550
010950,S-Oil,기준일/2M,2025-11-11,82200,649973,53236633650
010950,S-Oil,기준일/2M,2025-11-12,87500,848720,72726004200
010950,S-Oil,기준일/2M,2025-11-13,86300,542107,47601615950
010950,S-Oil,기준일/2M,2025-11-14,85700,299323,25902687700
010950,S-Oil,기준일/2M,2025-11-17,88000,285672,25034552600
010950,S-Oil,기준일/2M,2025-11-18,85700,247276,21386427950
010950,S-Oil,기준일/2M,2025-11-19,90000,780601,69640901100
010950,S-Oil,기준일/2M,2025-11-20,89400,383331,34315903550
010950,S-Oil,기준일/2M,2025-11-21,89700,393965,35217754300
010950,S-Oil,기준일/2M,2025-11-24,81500,774966,64619676850
010950,S-Oil,기준일/2M,2025-11-25,80400,436537,35103056550
010950,S-Oil,기준일/2M,2025-11-26,80900,346957,27837371300
010950,S-Oil,기준일/2M,2025-11-27,77700,583181,45330640900
010950,S-Oil,기준일/2M,2025-11-28,76700,336593,25735329550
010950,S-Oil,기준일/2M,2025-12-01,77900,228697,17751147800
010950,S-Oil,기준일/2M,2025-12-02,80800,352550,28124440300
010950,S-Oil,기준일/2M,2025-12-03,80900,208647,16833384500
010950,S-Oil,기준일/2M,2025-12-04,81400,181219,14593105750
010950,S-Oil,기준일/2M,2025-12-05,80500,163716,13140539250
010950,S-Oil,기준일/2M,2025-12-08,79700,225111,17824384400
010950,S-Oil,기준일/2M,2025-12-09,80600,157173,12630766500
010950,S-Oil,기준일/2M,2025-12-10,81700,242563,19907830150
010950,S-Oil,기준일/2M,2025-12-11,80600,229338,18595309500
010950,S-Oil,기준일/2M,2025-12-12,81600,144842,11830447350
010950,S-Oil,기준일/2M,2025-12-15,86400,594216,51836990800
010950,S-Oil,기준일/2M,2025-12-16,83800,235509,19865302300
010950,S-Oil,기준일/2M,2025-12-17,84900,261644,22065498800
010950,S-Oil,기준일/2M,2025-12-18,80500,312492,25434894900
010950,S-Oil,기준일/2M,2025-12-19,81500,167095,13558349200
010950,S-Oil,기준일/2M,2025-12-22,84000,216226,18124257900
010950,S-Oil,기준일/2M,2025-12-23,84000,87985,7381520350
010950,S-Oil,기준일/2M,2025-12-24,83200,98317,8222447850
010950,S-Oil,기준일/2M,2025-12-26,82000,148809,12183605250
010950,S-Oil,기준일/2M,2025-12-29,81300,165928,13407314400
010950,S-Oil,기준일/2M,2025-12-30,83000,160982,13288592700
011170,롯데케미칼,평가일/2M,2026-02-19,81000,177453,14214456400
011170,롯데케미칼,평가일/2M,2026-02-20,85200,271350,22759506750
011170,롯데케미칼,평가일/2M,2026-02-23,86200,348152,29799769600
011170,롯데케미칼,평가일/2M,2026-02-24,91500,881915,82022689000
011170,롯데케미칼,평가일/2M,2026-02-25,90300,373776,33723949250
011170,롯데케미칼,평가일/2M,2026-02-26,90000,280426,25762340250
011170,롯데케미칼,평가일/2M,2026-02-27,95900,553061,53029755450
011170,롯데케미칼,평가일/2M,2026-03-03,84300,521145,46113998350
011170,롯데케미칼,평가일/2M,2026-03-04,71800,291499,22019358600
011170,롯데케미칼,평가일/2M,2026-03-05,73000,381417,28329368700
011170,롯데케미칼,평가일/2M,2026-03-06,75400,231482,16996336950
011170,롯데케미칼,평가일/2M,2026-03-09,71200,263758,18525010500
011170,롯데케미칼,평가일/2M,2026-03-10,74100,196019,14438904750
011170,롯데케미칼,평가일/2M,2026-03-11,76100,213979,16289875300
011170,롯데케미칼,평가일/2M,2026-03-12,74000,246423,18102145250
011170,롯데케미칼,평가일/2M,2026-03-13,70800,213284,15106979200
011170,롯데케미칼,평가일/2M,2026-03-16,69100,207019,14391632150
011170,롯데케미칼,평가일/2M,2026-03-17,70200,250456,17580812800
011170,롯데케미칼,평가일/2M,2026-03-18,82000,732412,58059139150
011170,롯데케미칼,평가일/2M,2026-03-19,82400,309720,25489409600
011170,롯데케미칼,평가일/2M,2026-03-20,84200,338323,28778403100
011170,롯데케미칼,평가일/2M,2026-03-23,81300,204132,16788816550
011170,롯데케미칼,평가일/2M,2026-03-24,80400,159844,12927594000
011170,롯데케미칼,평가일/2M,2026-03-25,79800,204414,16273237450
011170,롯데케미칼,평가일/2M,2026-03-26,80500,266407,21633727500
011170,롯데케미칼,평가일/2M,2026-03-27,82700,417729,33797701250
011170,롯데케미칼,평가일/2M,2026-03-30,82100,243322,19627299050
011170,롯데케미칼,평가일/2M,2026-03-31,80600,221976,18019789050
011170,롯데케미칼,평가일/2M,2026-04-01,82000,140013,11370056500
011170,롯데케미칼,평가일/2M,2026-04-02,78900,179728,14474853950
011170,롯데케미칼,평가일/2M,2026-04-03,80100,104779,8473502850
011170,롯데케미칼,평가일/2M,2026-04-06,83600,217032,18301273400
011170,롯데케미칼,평가일/2M,2026-04-07,88000,320698,28271938900
011170,롯데케미칼,평가일/2M,2026-04-08,91600,248487,22586081100
011170,롯데케미칼,평가일/2M,2026-04-09,96700,459803,44760104400
011170,롯데케미칼,평가일/2M,2026-04-10,92300,230759,21366957250
011170,롯데케미칼,평가일/2M,2026-04-13,88600,164553,14530474800
011170,롯데케미칼,평가일/2M,2026-04-14,88600,170620,15071940350
011170,롯데케미칼,평가일/2M,2026-04-15,89600,139669,12552288500
011170,롯데케미칼,평가일/2M,2026-04-16,89300,144390,12925393100
011170,롯데케미칼,기준일/2M,2025-10-31,70700,118819,8374680550
011170,롯데케미칼,기준일/2M,2025-11-03,71500,172043,12250717000
011170,롯데케미칼,기준일/2M,2025-11-04,73500,218430,15982852900
011170,롯데케미칼,기준일/2M,2025-11-05,69900,151339,10559549700
011170,롯데케미칼,기준일/2M,2025-11-06,71200,110071,7785716450
011170,롯데케미칼,기준일/2M,2025-11-07,68800,127619,8765555850
011170,롯데케미칼,기준일/2M,2025-11-10,73700,170222,12354133900
011170,롯데케미칼,기준일/2M,2025-11-11,73800,151848,11228105350
011170,롯데케미칼,기준일/2M,2025-11-12,84800,913548,74792294400
011170,롯데케미칼,기준일/2M,2025-11-13,87000,550266,47720455700
011170,롯데케미칼,기준일/2M,2025-11-14,85200,246409,21367848600
011170,롯데케미칼,기준일/2M,2025-11-17,84500,134254,11336719650
011170,롯데케미칼,기준일/2M,2025-11-18,80600,174061,14277805850
011170,롯데케미칼,기준일/2M,2025-11-19,79700,116542,9330233100
011170,롯데케미칼,기준일/2M,2025-11-20,80000,62826,5084287600
011170,롯데케미칼,기준일/2M,2025-11-21,78000,60861,4749861650
011170,롯데케미칼,기준일/2M,2025-11-24,74500,143258,10865596150
011170,롯데케미칼,기준일/2M,2025-11-25,74500,74229,5542087150
011170,롯데케미칼,기준일/2M,2025-11-26,75600,560927,42710660450
011170,롯데케미칼,기준일/2M,2025-11-27,75700,190360,14540169950
011170,롯데케미칼,기준일/2M,2025-11-28,72200,264626,19234910200
011170,롯데케미칼,기준일/2M,2025-12-01,72700,87359,6345708150
011170,롯데케미칼,기준일/2M,2025-12-02,74400,92971,6867880650
011170,롯데케미칼,기준일/2M,2025-12-03,74500,106012,7875612300
011170,롯데케미칼,기준일/2M,2025-12-04,73400,143329,10426168350
011170,롯데케미칼,기준일/2M,2025-12-05,72900,91785,6658498200
011170,롯데케미칼,기준일/2M,2025-12-08,72900,91288,6635322900
011170,롯데케미칼,기준일/2M,2025-12-09,73000,80002,5814073800
011170,롯데케미칼,기준일/2M,2025-12-10,73600,136084,10050700650
011170,롯데케미칼,기준일/2M,2025-12-11,72400,117614,8595954100
011170,롯데케미칼,기준일/2M,2025-12-12,74400,93793,6923364100
011170,롯데케미칼,기준일/2M,2025-12-15,74100,86202,6409328650
011170,롯데케미칼,기준일/2M,2025-12-16,73300,83172,6105693550
011170,롯데케미칼,기준일/2M,2025-12-17,78900,451905,35360495250
011170,롯데케미칼,기준일/2M,2025-12-18,72500,270254,19968006700
011170,롯데케미칼,기준일/2M,2025-12-19,71200,201627,14429018550
011170,롯데케미칼,기준일/2M,2025-12-22,73300,126749,9306082750
011170,롯데케미칼,기준일/2M,2025-12-23,74100,92985,6900827950
011170,롯데케미칼,기준일/2M,2025-12-24,74200,61982,4601982150
011170,롯데케미칼,기준일/2M,2025-12-26,72500,106720,7840002150
011170,롯데케미칼,기준일/2M,2025-12-29,71200,117532,8342194550
011170,롯데케미칼,기준일/2M,2025-12-30,70300,65384,4591631600
047050,포스코인터내셔널,평가일/2M,2026-02-19,69200,662967,45832432600
047050,포스코인터내셔널,평가일/2M,2026-02-20,75300,2049003,153601674400
047050,포스코인터내셔널,평가일/2M,2026-02-23,73200,700595,51638755650
047050,포스코인터내셔널,평가일/2M,2026-02-24,73400,452693,33072676100
047050,포스코인터내셔널,평가일/2M,2026-02-25,75500,826143,62355140600
047050,포스코인터내셔널,평가일/2M,2026-02-26,75600,624403,47123415200
047050,포스코인터내셔널,평가일/2M,2026-02-27,72200,1069982,77302939850
047050,포스코인터내셔널,평가일/2M,2026-03-03,70400,1027820,73463461800
047050,포스코인터내셔널,평가일/2M,2026-03-04,59000,1185142,74124310750
047050,포스코인터내셔널,평가일/2M,2026-03-05,66000,651864,42671625550
047050,포스코인터내셔널,평가일/2M,2026-03-06,73300,1701854,121703961300
047050,포스코인터내셔널,평가일/2M,2026-03-09,76600,5457804,436262124850
047050,포스코인터내셔널,평가일/2M,2026-03-10,75800,1819933,138279747450
047050,포스코인터내셔널,평가일/2M,2026-03-11,76400,1630596,124287014900
047050,포스코인터내셔널,평가일/2M,2026-03-12,79500,2166102,173032368850
047050,포스코인터내셔널,평가일/2M,2026-03-13,73700,1879272,145904377750
047050,포스코인터내셔널,평가일/2M,2026-03-16,73800,844769,63313582600
047050,포스코인터내셔널,평가일/2M,2026-03-17,72000,990475,71597689150
047050,포스코인터내셔널,평가일/2M,2026-03-18,71600,668812,48276302350
047050,포스코인터내셔널,평가일/2M,2026-03-19,71800,881980,64002809100
047050,포스코인터내셔널,평가일/2M,2026-03-20,77000,1726036,132806910100
047050,포스코인터내셔널,평가일/2M,2026-03-23,76900,1585487,124562109450
047050,포스코인터내셔널,평가일/2M,2026-03-24,75900,639799,48473040550
047050,포스코인터내셔널,평가일/2M,2026-03-25,75800,758483,57176967350
047050,포스코인터내셔널,평가일/2M,2026-03-26,78200,1054295,81578755850
047050,포스코인터내셔널,평가일/2M,2026-03-27,74500,975843,72094386500
047050,포스코인터내셔널,평가일/2M,2026-03-30,75400,678851,50741024300
047050,포스코인터내셔널,평가일/2M,2026-03-31,71500,656711,47970852650
047050,포스코인터내셔널,평가일/2M,2026-04-01,75700,850270,64589739200
047050,포스코인터내셔널,평가일/2M,2026-04-02,79500,1757570,137926316700
047050,포스코인터내셔널,평가일/2M,2026-04-03,85100,1805281,150529526100
047050,포스코인터내셔널,평가일/2M,2026-04-06,80600,935396,76395656200
047050,포스코인터내셔널,평가일/2M,2026-04-07,76700,928357,71824575750
047050,포스코인터내셔널,평가일/2M,2026-04-08,73400,1660870,121847623850
047050,포스코인터내셔널,평가일/2M,2026-04-09,73900,867733,64430006400
047050,포스코인터내셔널,평가일/2M,2026-04-10,75200,454122,34124513150
047050,포스코인터내셔널,평가일/2M,2026-04-13,74800,644015,48197628700
047050,포스코인터내셔널,평가일/2M,2026-04-14,72400,1016714,73448103600
047050,포스코인터내셔널,평가일/2M,2026-04-15,72700,764637,55291343450
047050,포스코인터내셔널,평가일/2M,2026-04-16,72800,522900,37981083000
047050,포스코인터내셔널,기준일/2M,2025-10-31,55000,476341,26415197400
047050,포스코인터내셔널,기준일/2M,2025-11-03,55300,458367,25208382700
047050,포스코인터내셔널,기준일/2M,2025-11-04,54600,477266,26445693800
047050,포스코인터내셔널,기준일/2M,2025-11-05,52800,455783,24028690300
047050,포스코인터내셔널,기준일/2M,2025-11-06,53100,248516,13226003950
047050,포스코인터내셔널,기준일/2M,2025-11-07,51600,349868,18045909700
047050,포스코인터내셔널,기준일/2M,2025-11-10,52600,253671,13284824150
047050,포스코인터내셔널,기준일/2M,2025-11-11,52900,228151,12092764300
047050,포스코인터내셔널,기준일/2M,2025-11-12,54300,352913,19029196700
047050,포스코인터내셔널,기준일/2M,2025-11-13,54500,462952,25267819350
047050,포스코인터내셔널,기준일/2M,2025-11-14,52900,240020,12824922050
047050,포스코인터내셔널,기준일/2M,2025-11-17,53400,256235,13618866700
047050,포스코인터내셔널,기준일/2M,2025-11-18,52000,251366,13161060300
047050,포스코인터내셔널,기준일/2M,2025-11-19,51600,180852,9328643200
047050,포스코인터내셔널,기준일/2M,2025-11-20,53300,251159,13318415900
047050,포스코인터내셔널,기준일/2M,2025-11-21,52800,320514,16831286950
047050,포스코인터내셔널,기준일/2M,2025-11-24,51200,320831,16571228150
047050,포스코인터내셔널,기준일/2M,2025-11-25,52100,254786,13332144050
047050,포스코인터내셔널,기준일/2M,2025-11-26,53800,261353,13958031300
047050,포스코인터내셔널,기준일/2M,2025-11-27,53800,270332,14661504350
047050,포스코인터내셔널,기준일/2M,2025-11-28,53600,235758,12661760800
047050,포스코인터내셔널,기준일/2M,2025-12-01,53300,225680,12155114200
047050,포스코인터내셔널,기준일/2M,2025-12-02,55600,557564,30748863500
047050,포스코인터내셔널,기준일/2M,2025-12-03,55200,203848,11267079700
047050,포스코인터내셔널,기준일/2M,2025-12-04,54400,207793,11281186200
047050,포스코인터내셔널,기준일/2M,2025-12-05,54900,347132,18966329150
047050,포스코인터내셔널,기준일/2M,2025-12-08,55200,306108,16874554250
047050,포스코인터내셔널,기준일/2M,2025-12-09,55500,252862,13990698650
047050,포스코인터내셔널,기준일/2M,2025-12-10,54000,258594,14084560950
047050,포스코인터내셔널,기준일/2M,2025-12-11,53600,776952,41763929250
047050,포스코인터내셔널,기준일/2M,2025-12-12,53900,258293,13869941600
047050,포스코인터내셔널,기준일/2M,2025-12-15,54400,345442,18743797450
047050,포스코인터내셔널,기준일/2M,2025-12-16,53000,278074,14836626100
047050,포스코인터내셔널,기준일/2M,2025-12-17,52500,295836,15536748800
047050,포스코인터내셔널,기준일/2M,2025-12-18,50400,353058,17907892300
047050,포스코인터내셔널,기준일/2M,2025-12-19,50300,444733,22301115450
047050,포스코인터내셔널,기준일/2M,2025-12-22,50900,206704,10504180150
047050,포스코인터내셔널,기준일/2M,2025-12-23,51200,216343,11064536000
047050,포스코인터내셔널,기준일/2M,2025-12-24,51300,209344,10806584000
047050,포스코인터내셔널,기준일/2M,2025-12-26,50100,246560,12419321850
047050,포스코인터내셔널,기준일/2M,2025-12-29,50400,245108,12360481150
047050,포스코인터내셔널,기준일/2M,2025-12-30,49600,342126,16979152000
373220,LG에너지솔루션,평가일/2M,2026-02-19,403500,267049,107010516500
373220,LG에너지솔루션,평가일/2M,2026-02-20,401500,219069,88092688250
373220,LG에너지솔루션,평가일/2M,2026-02-23,396000,268719,106967885250
373220,LG에너지솔루션,평가일/2M,2026-02-24,412500,588995,242216884500
373220,LG에너지솔루션,평가일/2M,2026-02-25,426000,650523,274574034000
373220,LG에너지솔루션,평가일/2M,2026-02-26,427000,540625,231384579750
373220,LG에너지솔루션,평가일/2M,2026-02-27,427000,591387,252281092500
373220,LG에너지솔루션,평가일/2M,2026-03-03,393000,489727,197552544500
373220,LG에너지솔루션,평가일/2M,2026-03-04,347500,826847,300482717000
373220,LG에너지솔루션,평가일/2M,2026-03-05,371500,541523,202663651500
373220,LG에너지솔루션,평가일/2M,2026-03-06,377500,350799,130917588250
373220,LG에너지솔루션,평가일/2M,2026-03-09,359500,414051,147376796500
373220,LG에너지솔루션,평가일/2M,2026-03-10,367000,298332,109384502000
373220,LG에너지솔루션,평가일/2M,2026-03-11,369500,263280,98701195500
373220,LG에너지솔루션,평가일/2M,2026-03-12,384000,345803,130386327750
373220,LG에너지솔루션,평가일/2M,2026-03-13,369000,370087,136317521000
373220,LG에너지솔루션,평가일/2M,2026-03-16,366000,280349,102937780250
373220,LG에너지솔루션,평가일/2M,2026-03-17,380500,345242,129788034500
373220,LG에너지솔루션,평가일/2M,2026-03-18,383500,279721,107373811000
373220,LG에너지솔루션,평가일/2M,2026-03-19,371000,213253,79807027750
373220,LG에너지솔루션,평가일/2M,2026-03-20,375500,200932,75218991000
373220,LG에너지솔루션,평가일/2M,2026-03-23,356000,302070,108417222500
373220,LG에너지솔루션,평가일/2M,2026-03-24,392500,656541,251899280750
373220,LG에너지솔루션,평가일/2M,2026-03-25,394000,352715,138642260000
373220,LG에너지솔루션,평가일/2M,2026-03-26,384500,274503,106025187000
373220,LG에너지솔루션,평가일/2M,2026-03-27,394500,372863,143166970250
373220,LG에너지솔루션,평가일/2M,2026-03-30,410000,747897,303854880500
373220,LG에너지솔루션,평가일/2M,2026-03-31,394500,518297,206926156500
373220,LG에너지솔루션,평가일/2M,2026-04-01,407000,343583,138376529250
373220,LG에너지솔루션,평가일/2M,2026-04-02,404500,532803,217704678000
373220,LG에너지솔루션,평가일/2M,2026-04-03,398500,254074,102126942000
373220,LG에너지솔루션,평가일/2M,2026-04-06,412500,393045,162115578500
373220,LG에너지솔루션,평가일/2M,2026-04-07,408500,311134,128680707750
373220,LG에너지솔루션,평가일/2M,2026-04-08,406000,521932,211682054250
373220,LG에너지솔루션,평가일/2M,2026-04-09,421000,719468,300855005250
373220,LG에너지솔루션,평가일/2M,2026-04-10,412000,273394,113399636750
373220,LG에너지솔루션,평가일/2M,2026-04-13,401500,218403,88078530250
373220,LG에너지솔루션,평가일/2M,2026-04-14,400000,269254,108222240250
373220,LG에너지솔루션,평가일/2M,2026-04-15,408000,272401,110849901000
373220,LG에너지솔루션,평가일/2M,2026-04-16,416000,317064,131153427000
373220,LG에너지솔루션,기준일/2M,2025-10-31,473000,499652,237452698250
373220,LG에너지솔루션,기준일/2M,2025-11-03,475500,337955,159853428250
373220,LG에너지솔루션,기준일/2M,2025-11-04,473000,397941,190876751500
373220,LG에너지솔루션,기준일/2M,2025-11-05,464000,443887,205005866500
373220,LG에너지솔루션,기준일/2M,2025-11-06,470000,600184,288331969000
373220,LG에너지솔루션,기준일/2M,2025-11-07,463500,279860,130575082250
373220,LG에너지솔루션,기준일/2M,2025-11-10,465500,244077,113360156500
373220,LG에너지솔루션,기준일/2M,2025-11-11,473000,396429,189755318000
373220,LG에너지솔루션,기준일/2M,2025-11-12,475500,258727,123187082500
373220,LG에너지솔루션,기준일/2M,2025-11-13,484500,617757,297693543750
373220,LG에너지솔루션,기준일/2M,2025-11-14,463000,282819,132426620250
373220,LG에너지솔루션,기준일/2M,2025-11-17,463000,157725,72855805500
373220,LG에너지솔루션,기준일/2M,2025-11-18,443000,291156,130598466000
373220,LG에너지솔루션,기준일/2M,2025-11-19,437500,249097,108703039000
373220,LG에너지솔루션,기준일/2M,2025-11-20,441000,156626,69548722750
373220,LG에너지솔루션,기준일/2M,2025-11-21,425500,242702,103580297500
373220,LG에너지솔루션,기준일/2M,2025-11-24,412000,438358,181531763250
373220,LG에너지솔루션,기준일/2M,2025-11-25,413500,240842,99952258500
373220,LG에너지솔루션,기준일/2M,2025-11-26,435500,415285,178248735750
373220,LG에너지솔루션,기준일/2M,2025-11-27,438000,363930,158898877500
373220,LG에너지솔루션,기준일/2M,2025-11-28,408000,712913,295127265750
373220,LG에너지솔루션,기준일/2M,2025-12-01,413000,286573,118147632250
373220,LG에너지솔루션,기준일/2M,2025-12-02,415000,200833,82980245000
373220,LG에너지솔루션,기준일/2M,2025-12-03,418000,231552,97131893250
373220,LG에너지솔루션,기준일/2M,2025-12-04,410000,381430,156610168000
373220,LG에너지솔루션,기준일/2M,2025-12-05,426000,438931,185065096000
373220,LG에너지솔루션,기준일/2M,2025-12-08,451500,593075,263666786000
373220,LG에너지솔루션,기준일/2M,2025-12-09,443500,232158,102848651500
373220,LG에너지솔루션,기준일/2M,2025-12-10,441500,204015,90324393000
373220,LG에너지솔루션,기준일/2M,2025-12-11,446000,715032,317199621750
373220,LG에너지솔루션,기준일/2M,2025-12-12,445500,215489,95378195500
373220,LG에너지솔루션,기준일/2M,2025-12-15,442500,192535,85205011750
373220,LG에너지솔루션,기준일/2M,2025-12-16,418000,397656,167500280000
373220,LG에너지솔루션,기준일/2M,2025-12-17,415500,265161,110223447000
373220,LG에너지솔루션,기준일/2M,2025-12-18,378500,720096,276560934004
373220,LG에너지솔루션,기준일/2M,2025-12-19,379000,641564,239449018000
373220,LG에너지솔루션,기준일/2M,2025-12-22,389500,297525,115388172500
373220,LG에너지솔루션,기준일/2M,2025-12-23,388000,184844,71515435500
373220,LG에너지솔루션,기준일/2M,2025-12-24,390500,173638,67918752750
373220,LG에너지솔루션,기준일/2M,2025-12-26,383500,206573,79277539750
373220,LG에너지솔루션,기준일/2M,2025-12-29,380000,348113,131393382750
373220,LG에너지솔루션,기준일/2M,2025-12-30,368500,344347,126817072750
006400,삼성SDI,평가일/2M,2026-02-19,408000,1085467,426779975500
006400,삼성SDI,평가일/2M,2026-02-20,402000,928083,377512370000
006400,삼성SDI,평가일/2M,2026-02-23,391500,793713,312980396500
006400,삼성SDI,평가일/2M,2026-02-24,421500,2584055,1080460352750
006400,삼성SDI,평가일/2M,2026-02-25,433000,1253279,539046448000
006400,삼성SDI,평가일/2M,2026-02-26,449000,1109842,496655948750
006400,삼성SDI,평가일/2M,2026-02-27,466000,1207350,556370342000
006400,삼성SDI,평가일/2M,2026-03-03,408000,1453235,628117006500
006400,삼성SDI,평가일/2M,2026-03-04,351000,1895549,709162088750
006400,삼성SDI,평가일/2M,2026-03-05,392500,1008865,400380804000
006400,삼성SDI,평가일/2M,2026-03-06,410500,796681,319048665000
006400,삼성SDI,평가일/2M,2026-03-09,389000,754807,289850267750
006400,삼성SDI,평가일/2M,2026-03-10,403500,597355,241213362000
006400,삼성SDI,평가일/2M,2026-03-11,400000,531148,217736999500
006400,삼성SDI,평가일/2M,2026-03-12,400000,616460,245703270500
006400,삼성SDI,평가일/2M,2026-03-13,388000,531172,207444311000
006400,삼성SDI,평가일/2M,2026-03-16,383000,483616,186657457000
006400,삼성SDI,평가일/2M,2026-03-17,389000,359325,141399066000
006400,삼성SDI,평가일/2M,2026-03-18,405000,384421,153754101000
006400,삼성SDI,평가일/2M,2026-03-19,402500,428488,173472568000
006400,삼성SDI,평가일/2M,2026-03-20,400500,397940,159595877750
006400,삼성SDI,평가일/2M,2026-03-23,376500,462325,175880932000
006400,삼성SDI,평가일/2M,2026-03-24,397500,531265,209543650000
006400,삼성SDI,평가일/2M,2026-03-25,404000,416484,168446997750
006400,삼성SDI,평가일/2M,2026-03-26,396500,455967,183264902750
006400,삼성SDI,평가일/2M,2026-03-27,405500,657568,259824926750
006400,삼성SDI,평가일/2M,2026-03-30,412500,735298,300701828000
006400,삼성SDI,평가일/2M,2026-03-31,408000,1110671,461387646250
006400,삼성SDI,평가일/2M,2026-04-01,432000,779644,331716203000
006400,삼성SDI,평가일/2M,2026-04-02,443000,1822137,809600400750
006400,삼성SDI,평가일/2M,2026-04-03,438500,692098,305137908500
006400,삼성SDI,평가일/2M,2026-04-06,453500,1125434,514294922000
006400,삼성SDI,평가일/2M,2026-04-07,456500,759485,349341978000
006400,삼성SDI,평가일/2M,2026-04-08,471500,821542,382075090250
006400,삼성SDI,평가일/2M,2026-04-09,480000,1003279,485237585500
006400,삼성SDI,평가일/2M,2026-04-10,481000,550626,265554794000
006400,삼성SDI,평가일/2M,2026-04-13,477500,482539,231656849500
006400,삼성SDI,평가일/2M,2026-04-14,470500,798652,378575712500
006400,삼성SDI,평가일/2M,2026-04-15,471000,632770,298619093250
006400,삼성SDI,평가일/2M,2026-04-16,478500,357441,170471006500
006400,삼성SDI,기준일/2M,2025-10-31,322000,1007311,324060597250
006400,삼성SDI,기준일/2M,2025-11-03,327000,717628,232383612500
006400,삼성SDI,기준일/2M,2025-11-04,337500,1277759,438958665500
006400,삼성SDI,기준일/2M,2025-11-05,325000,1464201,468172903750
006400,삼성SDI,기준일/2M,2025-11-06,322000,806692,262210854500
006400,삼성SDI,기준일/2M,2025-11-07,306000,912774,280786861250
006400,삼성SDI,기준일/2M,2025-11-10,315000,450539,140115174000
006400,삼성SDI,기준일/2M,2025-11-11,322000,774167,250897071500
006400,삼성SDI,기준일/2M,2025-11-12,321500,342657,109981402500
006400,삼성SDI,기준일/2M,2025-11-13,334500,672268,221241582500
006400,삼성SDI,기준일/2M,2025-11-14,315000,544713,174285645250
006400,삼성SDI,기준일/2M,2025-11-17,317000,324257,103200999000
006400,삼성SDI,기준일/2M,2025-11-18,301500,520118,159092745250
006400,삼성SDI,기준일/2M,2025-11-19,296500,413844,122640656750
006400,삼성SDI,기준일/2M,2025-11-20,302000,247526,75020731000
006400,삼성SDI,기준일/2M,2025-11-21,288500,345160,99897472750
006400,삼성SDI,기준일/2M,2025-11-24,281000,808887,228513707750
006400,삼성SDI,기준일/2M,2025-11-25,284500,265462,75459232500
006400,삼성SDI,기준일/2M,2025-11-26,304500,466323,139197910000
006400,삼성SDI,기준일/2M,2025-11-27,303000,256219,77563977250
006400,삼성SDI,기준일/2M,2025-11-28,299500,339877,102289957250
006400,삼성SDI,기준일/2M,2025-12-01,299000,255242,76552508500
006400,삼성SDI,기준일/2M,2025-12-02,305000,317336,95963805250
006400,삼성SDI,기준일/2M,2025-12-03,305000,224504,68207369750
006400,삼성SDI,기준일/2M,2025-12-04,302500,297211,89308528750
006400,삼성SDI,기준일/2M,2025-12-05,307500,379347,116075466000
006400,삼성SDI,기준일/2M,2025-12-08,314000,507131,157513986500
006400,삼성SDI,기준일/2M,2025-12-09,310000,278714,86246098000
006400,삼성SDI,기준일/2M,2025-12-10,317500,637865,204397345000
006400,삼성SDI,기준일/2M,2025-12-11,308000,463386,144386497750
006400,삼성SDI,기준일/2M,2025-12-12,308000,304163,93544393500
006400,삼성SDI,기준일/2M,2025-12-15,303000,339241,103217206000
006400,삼성SDI,기준일/2M,2025-12-16,293500,480504,142275933250
006400,삼성SDI,기준일/2M,2025-12-17,295000,232155,68378419750
006400,삼성SDI,기준일/2M,2025-12-18,277000,644420,180453506780
006400,삼성SDI,기준일/2M,2025-12-19,279500,691283,189718317500
006400,삼성SDI,기준일/2M,2025-12-22,282500,311296,87898197750
006400,삼성SDI,기준일/2M,2025-12-23,279500,329038,91910626250
006400,삼성SDI,기준일/2M,2025-12-24,280000,206418,57927351750
006400,삼성SDI,기준일/2M,2025-12-26,274000,340872,94031314250
006400,삼성SDI,기준일/2M,2025-12-29,277500,330047,90584310500
006400,삼성SDI,기준일/2M,2025-12-30,269500,448385,120861794750
247540,에코프로비엠,평가일/2M,2026-02-19,214000,1095763,229566855000
247540,에코프로비엠,평가일/2M,2026-02-20,214000,416915,88824849250
247540,에코프로비엠,평가일/2M,2026-02-23,209500,557503,119259357250
247540,에코프로비엠,평가일/2M,2026-02-24,213500,472468,99956025250
247540,에코프로비엠,평가일/2M,2026-02-25,216000,556738,120238265000
247540,에코프로비엠,평가일/2M,2026-02-26,219500,855441,187785979500
247540,에코프로비엠,평가일/2M,2026-02-27,221500,786277,173099761000
247540,에코프로비엠,평가일/2M,2026-03-03,199500,884982,186273658200
247540,에코프로비엠,평가일/2M,2026-03-04,165600,1517050,271805590550
247540,에코프로비엠,평가일/2M,2026-03-05,195400,1237046,240945662800
247540,에코프로비엠,평가일/2M,2026-03-06,202500,655517,130640494850
247540,에코프로비엠,평가일/2M,2026-03-09,202500,907354,179476019050
247540,에코프로비엠,평가일/2M,2026-03-10,203000,653625,134684412500
247540,에코프로비엠,평가일/2M,2026-03-11,197500,507330,102463958350
247540,에코프로비엠,평가일/2M,2026-03-12,197700,683785,133899880150
247540,에코프로비엠,평가일/2M,2026-03-13,191300,747253,141151891400
247540,에코프로비엠,평가일/2M,2026-03-16,187400,605477,112533528050
247540,에코프로비엠,평가일/2M,2026-03-17,193500,476351,91684254000
247540,에코프로비엠,평가일/2M,2026-03-18,196500,324967,63647345850
247540,에코프로비엠,평가일/2M,2026-03-19,189700,439588,84321406750
247540,에코프로비엠,평가일/2M,2026-03-20,191900,410787,78263383350
247540,에코프로비엠,평가일/2M,2026-03-23,179100,461538,83455322300
247540,에코프로비엠,평가일/2M,2026-03-24,193000,615748,118086672650
247540,에코프로비엠,평가일/2M,2026-03-25,203000,505161,101373179800
247540,에코프로비엠,평가일/2M,2026-03-26,198900,374921,75721525700
247540,에코프로비엠,평가일/2M,2026-03-27,202500,499114,98732097200
247540,에코프로비엠,평가일/2M,2026-03-30,203500,404454,81977266100
247540,에코프로비엠,평가일/2M,2026-03-31,192200,603090,119655024400
247540,에코프로비엠,평가일/2M,2026-04-01,202000,410700,82399459300
247540,에코프로비엠,평가일/2M,2026-04-02,196900,728719,145846823800
247540,에코프로비엠,평가일/2M,2026-04-03,192600,470485,91144090200
247540,에코프로비엠,평가일/2M,2026-04-06,199900,579226,115605893150
247540,에코프로비엠,평가일/2M,2026-04-07,201500,542160,111158259300
247540,에코프로비엠,평가일/2M,2026-04-08,208500,585119,121949568500
247540,에코프로비엠,평가일/2M,2026-04-09,206000,574238,117467940000
247540,에코프로비엠,평가일/2M,2026-04-10,201500,267837,54543994000
247540,에코프로비엠,평가일/2M,2026-04-13,199000,286581,57473591650
247540,에코프로비엠,평가일/2M,2026-04-14,197800,306781,61332784300
247540,에코프로비엠,평가일/2M,2026-04-15,202500,370153,75105694500
247540,에코프로비엠,평가일/2M,2026-04-16,205000,351483,72106196500
247540,에코프로비엠,기준일/2M,2025-10-31,160000,695197,112177107850
247540,에코프로비엠,기준일/2M,2025-11-03,164900,531734,86676560400
247540,에코프로비엠,기준일/2M,2025-11-04,161800,725702,119691156950
247540,에코프로비엠,기준일/2M,2025-11-05,157900,688684,107554753350
247540,에코프로비엠,기준일/2M,2025-11-06,158000,429277,68850376800
247540,에코프로비엠,기준일/2M,2025-11-07,151100,488367,74455435600
247540,에코프로비엠,기준일/2M,2025-11-10,153800,328529,49884439000
247540,에코프로비엠,기준일/2M,2025-11-11,153600,561388,88269466300
247540,에코프로비엠,기준일/2M,2025-11-12,155300,316121,49039738150
247540,에코프로비엠,기준일/2M,2025-11-13,160000,578111,91501719750
247540,에코프로비엠,기준일/2M,2025-11-14,150600,370728,56943966900
247540,에코프로비엠,기준일/2M,2025-11-17,154400,337973,52129826950
247540,에코프로비엠,기준일/2M,2025-11-18,145000,390511,58020109700
247540,에코프로비엠,기준일/2M,2025-11-19,143500,412954,58765029000
247540,에코프로비엠,기준일/2M,2025-11-20,145200,245476,35934708200
247540,에코프로비엠,기준일/2M,2025-11-21,138200,288050,40074868850
247540,에코프로비엠,기준일/2M,2025-11-24,138500,483265,65994572000
247540,에코프로비엠,기준일/2M,2025-11-25,137400,218794,30349193450
247540,에코프로비엠,기준일/2M,2025-11-26,150000,509226,74452111750
247540,에코프로비엠,기준일/2M,2025-11-27,147000,237991,35352140100
247540,에코프로비엠,기준일/2M,2025-11-28,149900,379604,56932994700
247540,에코프로비엠,기준일/2M,2025-12-01,158900,937384,149792185550
247540,에코프로비엠,기준일/2M,2025-12-02,159200,351622,55639313950
247540,에코프로비엠,기준일/2M,2025-12-03,156900,230829,36475155650
247540,에코프로비엠,기준일/2M,2025-12-04,157900,387314,61603348400
247540,에코프로비엠,기준일/2M,2025-12-05,159700,442403,70571581600
247540,에코프로비엠,기준일/2M,2025-12-08,173300,1641004,279455978550
247540,에코프로비엠,기준일/2M,2025-12-09,182100,2222927,406211078750
247540,에코프로비엠,기준일/2M,2025-12-10,179500,674670,122464600450
247540,에코프로비엠,기준일/2M,2025-12-11,173800,854760,149358135300
247540,에코프로비엠,기준일/2M,2025-12-12,176000,392230,68426994550
247540,에코프로비엠,기준일/2M,2025-12-15,179700,536214,94977566950
247540,에코프로비엠,기준일/2M,2025-12-16,165500,853073,143983091450
247540,에코프로비엠,기준일/2M,2025-12-17,165800,410948,68272736150
247540,에코프로비엠,기준일/2M,2025-12-18,154200,539839,84712192350
247540,에코프로비엠,기준일/2M,2025-12-19,155000,762795,116834495100
247540,에코프로비엠,기준일/2M,2025-12-22,158900,333968,52828819500
247540,에코프로비엠,기준일/2M,2025-12-23,158000,245633,38839908250
247540,에코프로비엠,기준일/2M,2025-12-24,157700,249357,39553755600
247540,에코프로비엠,기준일/2M,2025-12-26,156300,269772,42301701300
247540,에코프로비엠,기준일/2M,2025-12-29,156300,286734,44645273400
247540,에코프로비엠,기준일/2M,2025-12-30,146600,560716,83245813650
003670,포스코퓨처엠,평가일/2M,2026-02-19,234500,430899,100633185000
003670,포스코퓨처엠,평가일/2M,2026-02-20,233000,236523,55149359000
003670,포스코퓨처엠,평가일/2M,2026-02-23,225500,363163,82616157000
003670,포스코퓨처엠,평가일/2M,2026-02-24,236000,588396,138049084250
003670,포스코퓨처엠,평가일/2M,2026-02-25,246000,781807,191264242750
003670,포스코퓨처엠,평가일/2M,2026-02-26,247000,542279,133253167000
003670,포스코퓨처엠,평가일/2M,2026-02-27,247000,485158,119443098750
003670,포스코퓨처엠,평가일/2M,2026-03-03,226500,667688,158675286500
003670,포스코퓨처엠,평가일/2M,2026-03-04,185200,755094,150207551150
003670,포스코퓨처엠,평가일/2M,2026-03-05,208000,393825,81732249500
003670,포스코퓨처엠,평가일/2M,2026-03-06,215500,359162,75695241750
003670,포스코퓨처엠,평가일/2M,2026-03-09,202500,348100,69635350650
003670,포스코퓨처엠,평가일/2M,2026-03-10,210000,229082,48138822250
003670,포스코퓨처엠,평가일/2M,2026-03-11,210500,201978,43197794250
003670,포스코퓨처엠,평가일/2M,2026-03-12,210500,177842,37258901500
003670,포스코퓨처엠,평가일/2M,2026-03-13,190900,1585544,303497656550
003670,포스코퓨처엠,평가일/2M,2026-03-16,191200,603441,116550601000
003670,포스코퓨처엠,평가일/2M,2026-03-17,193100,359857,70140481850
003670,포스코퓨처엠,평가일/2M,2026-03-18,200500,381738,75964506600
003670,포스코퓨처엠,평가일/2M,2026-03-19,198000,298252,59279279700
003670,포스코퓨처엠,평가일/2M,2026-03-20,199200,213964,42623863050
003670,포스코퓨처엠,평가일/2M,2026-03-23,186400,329162,62111189000
003670,포스코퓨처엠,평가일/2M,2026-03-24,196400,399666,78394418300
003670,포스코퓨처엠,평가일/2M,2026-03-25,202500,355823,72056920450
003670,포스코퓨처엠,평가일/2M,2026-03-26,200000,286841,58617150400
003670,포스코퓨처엠,평가일/2M,2026-03-27,209000,450176,91264753500
003670,포스코퓨처엠,평가일/2M,2026-03-30,214500,576917,124859259500
003670,포스코퓨처엠,평가일/2M,2026-03-31,203500,444840,92048476500
003670,포스코퓨처엠,평가일/2M,2026-04-01,211500,269959,56687127750
003670,포스코퓨처엠,평가일/2M,2026-04-02,213000,841291,184843849500
003670,포스코퓨처엠,평가일/2M,2026-04-03,211500,394229,83150070250
003670,포스코퓨처엠,평가일/2M,2026-04-06,211000,280550,59854146500
003670,포스코퓨처엠,평가일/2M,2026-04-07,209000,328182,69783665500
003670,포스코퓨처엠,평가일/2M,2026-04-08,217500,345070,74725174500
003670,포스코퓨처엠,평가일/2M,2026-04-09,218000,399050,87481793000
003670,포스코퓨처엠,평가일/2M,2026-04-10,217500,203586,44179623250
003670,포스코퓨처엠,평가일/2M,2026-04-13,214500,181353,38750770500
003670,포스코퓨처엠,평가일/2M,2026-04-14,213000,134605,28890758000
003670,포스코퓨처엠,평가일/2M,2026-04-15,217500,207301,45253373000
003670,포스코퓨처엠,평가일/2M,2026-04-16,223500,224013,50120180750
003670,포스코퓨처엠,기준일/2M,2025-10-31,216500,477882,104540491250
003670,포스코퓨처엠,기준일/2M,2025-11-03,219500,481482,105222440750
003670,포스코퓨처엠,기준일/2M,2025-11-04,219000,416593,92435174000
003670,포스코퓨처엠,기준일/2M,2025-11-05,213500,451970,95361729250
003670,포스코퓨처엠,기준일/2M,2025-11-06,212000,289098,62240533000
003670,포스코퓨처엠,기준일/2M,2025-11-07,207000,308492,63449000000
003670,포스코퓨처엠,기준일/2M,2025-11-10,210000,320676,66170373900
003670,포스코퓨처엠,기준일/2M,2025-11-11,210500,379550,81587803500
003670,포스코퓨처엠,기준일/2M,2025-11-12,215000,288170,61900472250
003670,포스코퓨처엠,기준일/2M,2025-11-13,220500,491246,108012874500
003670,포스코퓨처엠,기준일/2M,2025-11-14,209500,304082,64315067250
003670,포스코퓨처엠,기준일/2M,2025-11-17,209000,151307,31736491000
003670,포스코퓨처엠,기준일/2M,2025-11-18,200000,390701,80054736500
003670,포스코퓨처엠,기준일/2M,2025-11-19,195900,443784,86971451650
003670,포스코퓨처엠,기준일/2M,2025-11-20,200000,199767,40139614850
003670,포스코퓨처엠,기준일/2M,2025-11-21,192500,257378,49761953500
003670,포스코퓨처엠,기준일/2M,2025-11-24,186800,343477,64529870450
003670,포스코퓨처엠,기준일/2M,2025-11-25,187100,209557,39438145150
003670,포스코퓨처엠,기준일/2M,2025-11-26,205000,506311,101391507200
003670,포스코퓨처엠,기준일/2M,2025-11-27,207000,214349,44123194750
003670,포스코퓨처엠,기준일/2M,2025-11-28,206500,183186,37819677500
003670,포스코퓨처엠,기준일/2M,2025-12-01,209000,289732,60896355000
003670,포스코퓨처엠,기준일/2M,2025-12-02,207500,227278,47233645500
003670,포스코퓨처엠,기준일/2M,2025-12-03,206000,140415,28923896250
003670,포스코퓨처엠,기준일/2M,2025-12-04,204500,184815,37615472250
003670,포스코퓨처엠,기준일/2M,2025-12-05,206000,180504,37119410750
003670,포스코퓨처엠,기준일/2M,2025-12-08,220500,568128,123084193000
003670,포스코퓨처엠,기준일/2M,2025-12-09,224000,449759,100475076250
003670,포스코퓨처엠,기준일/2M,2025-12-10,220500,323772,72069846250
003670,포스코퓨처엠,기준일/2M,2025-12-11,222000,502574,110916311500
003670,포스코퓨처엠,기준일/2M,2025-12-12,221500,257784,57099619000
003670,포스코퓨처엠,기준일/2M,2025-12-15,227000,526698,120050513750
003670,포스코퓨처엠,기준일/2M,2025-12-16,210000,628535,135103642000
003670,포스코퓨처엠,기준일/2M,2025-12-17,210500,271830,57071302500
003670,포스코퓨처엠,기준일/2M,2025-12-18,195500,469269,93197301400
003670,포스코퓨처엠,기준일/2M,2025-12-19,191100,755266,142289764900
003670,포스코퓨처엠,기준일/2M,2025-12-22,196100,334746,65220084650
003670,포스코퓨처엠,기준일/2M,2025-12-23,196500,276101,54326560400
003670,포스코퓨처엠,기준일/2M,2025-12-24,198000,315759,63217301950
003670,포스코퓨처엠,기준일/2M,2025-12-26,196200,207100,40814808200
003670,포스코퓨처엠,기준일/2M,2025-12-29,196700,268020,52585451350
003670,포스코퓨처엠,기준일/2M,2025-12-30,187000,454037,85376236800
